id,slug,brand,model,title,category,price_cents,condition,description,colour,material,size,hardware,,,first image url,second image url,third image url
0625f3b4-6ff2-4ffa-b4c1-30ca6b6e4e49,chanel-classic-flap-black,Chanel,Classic Flap Medium,Chanel Classic Flap Medium,Shoulder Bag,485000,Excellent,A timeless black quilted shoulder bag with a structured silhouette and polished gold-tone chain.,Black,Lambskin,Medium,Gold-tone,,,https://parisstation.com/cdn/shop/products/IMG_9794_70ff9b5b-a4b8-4a14-9810-e6bef7cb6fd2.jpg?v=1666309695,https://a.1stdibscdn.com/chanel-vintage-small-classic-flap-exotic-lizard-leather-24k-gold-cc-black-bag-for-sale/v_32222/v_206450021697254394367/v_20645002_1697254395600_bg_processed.jpg?disable=upscale&auto=webp&quality=60&width=960,https://sites.create-cdn.net/siteimages/24/5/0/245036/10/9/8/10989691/1000x750.jpg?1450797462
0deb7f03-0006-44f9-a055-1e2d92a22557,chloe-marcie-saddle-brown,Chloe,Marcie Small,Chloe Marcie Small,Crossbody,145000,Very Good,A warm brown grained-leather crossbody with hand-stitched details and a relaxed saddle shape.,Brown,Leather,Small,Gold-tone,,,https://a.1stdibscdn.com/2020s-chloe-marcie-small-tote-bag-in-brown-leather-for-sale-picture-7/v_24842/v_228229121715343713796/110_master.jpg,https://cdna.lystit.com/1040/1300/n/photos/thefashionsquare/2b995196/chloe--Leather-Marcie-Small-Shoulder-Bag-Top-Handle.jpeg,"https://img.ssensemedia.com/images/f_auto,c_limit,w_1920/261338F048003_2/chloe-brown-grained-and-suede-leather-small-marcie-shoulder-bag.jpg"
0e270064-0400-4675-bef8-57e5f2d0c036,celine-belt-nano-taupe,Celine,Nano Belt Bag,Celine Nano Belt Bag,Satchel,245000,Very Good,A softly structured taupe leather satchel with winged sides and a detachable crossbody strap.,Taupe,Calfskin,Mini,Gold-tone,,,https://d2cva83hdk3bwc.cloudfront.net/celine-nano-belt-bag-in-grained-calfskin-light-taupe-2.jpg,https://preview.redd.it/in-search-of-the-celine-nano-belt-bag-in-grained-calfskin-v0-1w14udgknw1b1.png?width=2500&format=png&auto=webp&s=42bf15fa19143ce5987817051d0e8a0d3c04e00d,https://www.manufacturingtodayindia.com/cloud/2024/05/28/TVS-iQube-Mumbai-1mb.jpg
17afae3a-7a68-411f-aab9-1ead64709e12,hermes-evelyne-orange,Hermes,Evelyne TPM,Hermes Evelyne TPM,Crossbody,495000,Very Good,A vivid orange leather crossbody with perforated H motif and practical adjustable canvas strap.,Orange,Leather,Mini,Palladium-tone,,,https://cdn.shopify.com/s/files/1/0594/2513/products/hermes-evelyne-bag-back_1024x1024.jpg?v=1470800064,https://cdn.shopify.com/s/files/1/0594/2513/products/hermes-evelyne-bag-side_1024x1024.jpg?v=1470800057,https://cdn1.jolicloset.com/img4/full/2020/07/210397-4.jpg
295845bf-12f6-4850-817d-c5d30aa6bc38,bottega-veneta-jodie-green,Bottega Veneta,Mini Jodie,Bottega Veneta Mini Jodie,Hobo,298000,Excellent,A supple intrecciato leather mini hobo in rich forest green with a knotted handle.,Green,Leather,Mini,None,,,https://a.1stdibscdn.com/bottega-veneta-parakeet-green-leather-mini-jodie-hobo-bag-for-sale-picture-4/v_204/v_169112721662597344093/1Bottega_Veneta_parakeet_green_woven_mini_jodie_bag_100_17915_master.JPG?width=768,https://cdn.shopify.com/s/files/1/0024/6366/2155/products/BOTTEGA-VENETA-Mini-Jodie-Intrecciato-Leather_Racing-Green_FRONT.jpg?v=1606934950,https://s7d9.scene7.com/is/image/HoltRenfrew1/m_5000734477_03
351a60d3-ab50-4448-9887-b7b0c2cbe768,dior-saddle-blue,Dior,Saddle Bag,Dior Saddle Bag,Shoulder Bag,375000,Excellent,A distinctive blue canvas Saddle bag with a sculptural silhouette and logo hardware.,Blue,Canvas,Small,Gold-tone,,,https://sothebys-md.brightspotcdn.com/dims4/default/c84bb87/2147483647/strip/true/crop/2000x2000+0+0/resize/800x800!/quality/90/?url=http://sothebys-brightspot.s3.amazonaws.com/media-desk/ea/5c/f25f62a842ef98891097594d396b/christian-dior-blue-and-beige-oblique-canvas-saddle-bag-gold-hardware-2018.jpg,https://sothebys-md.brightspotcdn.com/ea/5c/f25f62a842ef98891097594d396b/christian-dior-blue-and-beige-oblique-canvas-saddle-bag-gold-hardware-2018.jpg,"https://diorama.dam-broadcast.com/cdn-cgi/image/width=3000,format=auto/pm_11872_1133_1133583-745se90m98-whr.jpg"
4ee1574f-adf4-4b0c-a741-2ff5341e9deb,balenciaga-city-black,Balenciaga,Le Cagole City,Balenciaga Le Cagole City,Shoulder Bag,165000,Good,A black distressed leather shoulder bag with signature studs and an expressive slouchy profile.,Black,Leather,Medium,Silver-tone,,,https://a.1stdibscdn.com/balenciaga-black-large-le-cagole-leather-shoulder-messenger-bag-for-sale/v_204/v_166394121660771708309/v_16639412_1660771709422_bg_processed.jpg,https://images.prestigeonline.com/wp-content/uploads/sites/6/2022/02/22113605/balenciaga-le-cagole-small-leather-shoulder-bag-mytheresa.jpeg,https://www.mytheresa.com/media/1094/1238/100/10/P00596900_b1.jpg
522447f2-31d4-448b-b7b6-76bc2f79199b,givenchy-antigona-black,Givenchy,Antigona Small,Givenchy Antigona Small,Top Handle,218000,Excellent,A sharp black grained-leather top-handle bag with a structured shape and removable shoulder strap.,Black,Leather,Small,Silver-tone,,,https://cdna.lystit.com/1040/1300/n/photos/harrods/1084440b/givenchy-black-Small-Leather-Antigona-Soft-Bag.jpeg,https://imissyouvintage.com/cdn/shop/files/FullSizeRender_bab15077-34fa-4362-aa37-cfa48236100e_1100x.jpg?v=1714132159,https://cdn1.jolicloset.com/imgr/full/2018/05/69251-1/givenchy-antigona-small-black-leather-handbags.jpg
5ca788d9-62d5-4036-94c9-9cfe3f02c892,gucci-jackie-1961-ivory,Gucci,Jackie 1961 Small,Gucci Jackie 1961 Small,Shoulder Bag,279500,Excellent,An elegant ivory leather shoulder bag with a softly curved profile and refined piston detail.,Ivory,Leather,Small,Gold-tone,,,https://media.gucci.com/style/DarkGray_Center_0_0_2400x2400/1717776191/810232_AAD5V_9562_007_069_0000_Light-Gucci-Jackie-1961-small-shoulder-bag.jpg,https://images.stockx.com/images/Gucci-Jackie-1961-Small-Shoulder-Bag-GG-Denim-Blue-Ivory.jpg?fit=fill&bg=FFFFFF&w=700&h=500&fm=webp&auto=compress&q=90&dpr=2&trim=color&trimcolor=ffffff&updated_at=1719341843,https://www.mytheresa.com/media/1094/1238/100/18/P00972853_b1.jpg
80089ac1-1ffc-4bc9-9490-17d426f84c9b,saint-laurent-loulou-burgundy,Saint Laurent,Loulou Small,Saint Laurent Loulou Small,Shoulder Bag,235000,Excellent,A deep burgundy chevron-quilted leather bag with a chain strap and tonal monogram hardware.,Burgundy,Leather,Small,Antique gold-tone,,,https://a.1stdibscdn.com/saint-laurent-loulou-puffer-shoulder-bag-quilted-leather-small-for-sale/v_842/v_172691421665685225785/v_17269142_1665685226330_bg_processed.jpg?width=768,http://asecondchanceresale.com/cdn/shop/products/SaintLaurentburgundyleathersmalllouloupufferbag100-180466.jpg?v=1668549168,https://cdn1.jolicloset.com/imgr/full/2022/09/613982-1/other-saint-laurent-burgundy-matelasse-y-leather-small-loulou-backpack.jpg
84cbbe01-84eb-44b2-8cd7-15feb95bce8e,jimmy-choo-callie-silver,Jimmy Choo,Callie Clutch,Jimmy Choo Callie Clutch,Clutch,88000,Excellent,"A silver metallic pleated clutch designed for an elegant, hands-free evening finish.",Silver,Metallic fabric,Mini,Silver-tone,,,https://i.pinimg.com/736x/b4/5b/cf/b45bcf8804d69159d8e26f9edd56d199.jpg,"https://media.jimmychoo.com/image/upload/c_fit,dpr_2.0,f_auto,h_900,q_auto:best,w_900/GBPROD_PRODUCT/images/original/CALLIEMINIHLL_001367_BACK_vg404.jpg","https://media.jimmychoo.com/image/upload/c_fit,dpr_2.0,f_auto,h_900,q_auto:best,w_900/GBPROD_PRODUCT/images/original/CALLIEMINIHLL_001367_MODEL_vg445.jpg"
a80e306a-c78e-44d0-9c99-3c0d0f9115d7,prada-re-edition-nylon-black,Prada,Re-Edition 2000,Prada Re-Edition 2000,Shoulder Bag,119500,Excellent,A lightweight black nylon shoulder bag with silver-tone hardware and an effortlessly late-90s feel.,Black,Nylon,Small,Silver-tone,,,https://cdna.lystit.com/photos/ifchic/b592c29f/prada-Black-Re-edition-2000-Nylon-Mini-Bag.jpeg,"https://images.stockx.com/images/Prada-Re-Edition-2000-Nylon-Bag-Mini-Black-Red-3.jpg?fit=fill&bg=FFFFFF&w=700&h=500&auto=format,compress&q=90&dpr=2&trim=color&trimcolor=ffffff&updated_at=1610147997",https://www.prada.com/content/dam/pradabkg_products/1/1NE/1NE515/RDH0F0E18/1NE515_RDH0_F0E18_MDLA.jpg
bbccec5e-57e3-4ce8-8129-437bf373599e,louis-vuitton-alma-bb,Louis Vuitton,Alma BB,Louis Vuitton Alma BB,Top Handle,189500,Very Good,A compact top-handle silhouette in warm brown monogram canvas with a removable shoulder strap.,Brown,Coated canvas,Mini,Gold-tone,,,https://sothebys-md.brightspotcdn.com/dims4/default/aca40d8/2147483647/strip/true/crop/2000x2000+0+0/resize/800x800!/quality/90/?url=http://sothebys-brightspot.s3.amazonaws.com/media-desk/a5/1f/b31abf0e4cd486d4b4dd4ecf3d14/2011handbags-c69p2-t3-05.jpg,https://a.1stdibscdn.com/louis-vuitton-monogram-alma-bb-2way-35lv824s-for-sale-picture-6/v_24092/v_168293021661851455125/louis_vuitton_alma_monogram_bb_2way_35lv824s_brown_coated_canvas_cross_body_bag_5_1_960_960_master.jpg,https://us.louisvuitton.com/images/is/image/lv/1/PP_VP_L/louis-vuitton-alma-bb--M28272_PM2_Front+view.jpg
c46de4e8-79d3-45b2-8bd8-ee476c21d7d6,loewe-puzzle-tan,Loewe,Puzzle Small,Loewe Puzzle Small,Crossbody,355000,Excellent,An architectural tan leather bag with clever panelled construction and convertible carry options.,Tan,Calfskin,Small,Silver-tone,,,https://sites.create-cdn.net/siteimages/24/5/0/245036/18/2/7/18274737/1000x750.JPG?1588344319,https://prod-images.fashionphile.com/thumb/71a3e29e5445572a60889160cbdc8221/bbac327e67bf0dcf0422b25e0a9e8a62.jpg,https://images.stockx.com/images/Loewe-Puzzle-Bag-in-Classic-Calfskin-Small-Tan.jpg?fit=fill&bg=FFFFFF&w=1200&h=857&fm=jpg&auto=compress&dpr=2&trim=color&trimcolor=ffffff&updated_at=1648590584&q=60
cf40b3d9-2511-4218-8dc7-d6671155d920,mulberry-bayswater-oxblood,Mulberry,Bayswater,Mulberry Bayswater,Tote,128000,Very Good,"An oxblood leather tote with a heritage feel, practical interior and iconic postman lock.",Oxblood,Leather,Large,Brass-tone,,,https://imissyouvintage.com/cdn/shop/files/MulberryOxbloodGrainedLeatherLargeBayswaterToteBag-01_1100x.jpg?v=1694038180,http://queenstation.net/cdn/shop/files/QS08316_1.jpg?v=1738073136,https://imissyouvintage.com/cdn/shop/files/MulberryOxbloodGrainedLeatherLargeBayswaterToteBag-05_1100x.jpg?v=1694038180
da775a67-cc53-4537-9de8-94d4bcfc3fdc,valentino-roman-stud-red,Valentino,Roman Stud Small,Valentino Roman Stud Small,Shoulder Bag,290000,Excellent,A vivid red leather shoulder bag with oversized tonal studs and convertible chain strap.,Red,Leather,Small,Gold-tone,,,https://thumbs.dreamstime.com/b/frontal-view-red-renault-clio-white-background-izmir-turkey-august-sharply-detailed-studio-shot-perfectly-centered-287728152.jpg,https://cdn.clothbase.com/uploads/c8224bb5-d1ac-448f-90ec-a322e2007070/840400323---32s---valentinogaravanimain---xw0b0i97bsfmf5_3_p.jpg,https://www.caroll.com/on/demandware.static/-/Sites-Caroll_master/default/dw462b7c0b/porte-cartes-stanley-en-cuir-naturel-rouge-femme-vue1-35967740037481205.jpg
e4a5f267-3b69-467e-82fb-74fadd0b176e,mcm-stark-backpack-cognac,MCM,Stark Mini Backpack,MCM Stark Mini Backpack,Backpack,98000,Good,A compact cognac coated-canvas backpack with logo print and hands-free practicality.,Cognac,Coated canvas,Mini,Gold-tone,,,https://cdn.theluxurycloset.com/uploads/products/full/luxury-women-mcm-used-handbags-p277118-009.jpg,https://cdn.theluxurycloset.com/uploads/opt/products/750x750/luxury-women-mcm-used-handbags-p934243-010.jpg,https://cdn.theluxurycloset.com/uploads/products/750x750/luxury-women-mcm-used-handbags-p973324-014.jpg
ffe1d4e5-89dd-45d2-b732-a640f9af7f16,fendi-baguette-pink,Fendi,Baguette,Fendi Baguette,Shoulder Bag,325000,Very Good,A playful pink fabric shoulder bag with a compact rectangular profile and silver-tone logo clasp.,Pink,Fabric,Small,Silver-tone,,,https://a.1stdibscdn.com/fendi-logo-fabric-and-tan-leather-baguette-bag-for-sale-picture-5/v_400/1553763264826/fendi_monogram_bag_inside_master.jpg?width=768,https://a.1stdibscdn.com/vintage-authentic-fendi-pink-leather-mamma-baguette-italy-small-for-sale/1121189/v_74958421567841380642/7495842_master.jpg?width=768,https://brands-hub.ru/wp-content/uploads/2022/07/Fendi-Women-Mini-Baguette-Pink-FF-Canvas-Bag-1.jpg
